source,author,title,description,url,urlToImage,publishedAt,content,cleaned_description,sentiment
"{'id': None, 'name': 'Yahoo Entertainment'}",Steve Dent,AMD's latest updates address 9000X desktop CPU performance issues,"After arriving two weeks late, AMD's Ryzen 9000-series desktop processors disappointed some buyers and reviewers due to lackluster performance. Now, the company has addressed those issues with several new updates. 
The biggest speed brake for Ryzen 9000 deskt…",https://consent.yahoo.com/v2/collectConsent?sessionId=1_cc-session_62ab6ac5-1219-4c8f-8d77-d66768ca3699,,2024-09-30T13:00:38Z,"If you click 'Accept all', we and our partners, including 240 who are part of the IAB Transparency &amp; Consent Framework, will also store and/or access information on a device (in other words, use … [+678 chars]",arriving two weeks late amds ryzen series desktop processors disappointed buyers reviewers due lackluster performance company addressed issues several new updates biggest speed brake ryzen deskt,-0.2077272727272727
"{'id': 'the-verge', 'name': 'The Verge'}",Tom Warren,AMD improves Zen 5 CPU latency and performance with BIOS updates,AMD is bumping the performance of some of its Zen 5 desktop CPUs. A new BIOS update will also address some latency concerns with AMD’s latest CPUs.,https://www.theverge.com/2024/9/30/24258147/amd-zen-5-cpu-performance-latency-bios-updates,https://cdn.vox-cdn.com/thumbor/AcAa1rWT0qB3BuEclb5m7HO5qG0=/0x0:3840x2160/1200x628/filters:focal(1920x1080:1921x1081)/cdn.vox-cdn.com/uploads/chorus_asset/file/25474479/Ryzen_9000_7.png,2024-09-30T13:00:00Z,"AMD improves Zen 5 CPU latency and performance with BIOS updates
AMD improves Zen 5 CPU latency and performance with BIOS updates
 / Windows and BIOS updates are improving the Ryzen 9000-series per… [+2520 chars]",amd bumping performance zen desktop cpus new bios update also address latency concerns amds latest cpus,0.3181818181818182
"{'id': None, 'name': 'Gizmodo.com'}",Gizmodo Deals,"Amazon Crushes PS5 Prices, There’s No Need to Wait for Black Friday",It's the only time of the year to save on a PS5.,https://gizmodo.com/amazon-crushes-ps5-prices-theres-no-need-to-wait-for-black-friday-2000508812,https://gizmodo.com/app/uploads/2024/10/sony-ps5.jpg,2024-10-08T12:55:02Z,"Amazon has unveiled a fabulous Prime Day deal on the PlayStation 5 Slim with a massive discounts on both the Standard and Digital Edition consoles. The PS5 Slim Standard, typically priced at $499 is … [+2224 chars]",time year save ps,0.0
"{'id': None, 'name': 'Slashdot.org'}",BeauHD,AMD Launches AI Chip To Rival Nvidia's Blackwell,"AMD is launching a new chip to rival Nvidia's upcoming Blackwell chips, which Nvidia called the ""world's most powerful chip"" for AI when unveiled earlier this year. CNBC reports: The Instinct MI325X, as the chip is called, will start production before the end…",https://tech.slashdot.org/story/24/10/10/2143241/amd-launches-ai-chip-to-rival-nvidias-blackwell,https://a.fsdn.com/sd/topics/amd_64.png,2024-10-11T00:45:00Z,"The Instinct MI325X, as the chip is called, will start production before the end of 2024, AMD said Thursday during an event announcing the new product. If AMD's AI chips are seen by developers and cl… [+1212 chars]",amd launching new chip rival nvidias upcoming blackwell chips nvidia called worlds powerful chip ai unveiled earlier year cnbc reports instinct mix chip called start production end,0.14545454545454545
"{'id': None, 'name': 'Gizmodo.com'}",Gizmodo Deals,"For Prime Day, Amazon Offers Record Low Prices on PS5 For Non-Prime Members as Well",We certainly won't see better deals before Christmas.,https://gizmodo.com/for-prime-day-amazon-offers-record-low-prices-on-ps5-for-non-prime-members-as-well-2000508067,https://gizmodo.com/app/uploads/2024/10/sony-ps5.jpg,2024-10-07T11:45:20Z,Amazon’s Prime Day event has brought a very rare treat for gaming enthusiasts: significant discounts on both the PlayStation 5 Slim Standard and Digital Edition consoles. What makes this deal even mo… [+2751 chars],certainly wont see better deals christmas,0.35714285714285715
"{'id': 'business-insider', 'name': 'Business Insider'}",Riddhi Kanetkar,TensorWave wants to break Nvidia's dominance in AI compute. Here's an exclusive look at the pitch deck it used to raise $43 million.,TensorWave wants to challenge Nvidia's dominance in AI compute by offering alternative GPU hardware from AMD that is accessible via the cloud.,https://www.businessinsider.com/pitch-deck-tensorwave-safe-funding-nvidia-amd-ai-compute-2024-10,https://i.insider.com/670405263f2165d716dede11?width=1200&format=jpeg,2024-10-08T12:02:12Z,"The TensorWave founding team believes Nvidia has a monopoly in AI compute. TensorWave
<ul><li>TensorWave has raised $43 million for its AI cloud service platform.</li><li>The Las Vegas startup offer… [+2185 chars]",tensorwave wants challenge nvidias dominance ai compute offering alternative gpu hardware amd accessible via cloud,0.2875
"{'id': None, 'name': 'VentureBeat'}",Dean Takahashi,"AMD unveils AI-infused chips across Ryzen, Instinct and Epyc brands","Speaking at an event in San Francisco, AMD CEO Lisa Su unveiled AI-infused chips across its Ryzen, Instinct and Epyc brands.",https://venturebeat.com/ai/amd-unveils-ai-infused-chips-across-ryzen-instinct-and-epyc-brands/,https://venturebeat.com/wp-content/uploads/2024/10/lisa-su-2.jpg?w=1024?w=1200&strip=all,2024-10-10T18:00:00Z,"Join our daily and weekly newsletters for the latest updates and exclusive content on industry-leading AI coverage. Learn More
Speaking at an event in San Francisco, AMD CEO Lisa Su unveiled AI-infu… [+22436 chars]",speaking event san francisco amd ceo lisa su unveiled aiinfused chips across ryzen instinct epyc brands,0.0
"{'id': None, 'name': 'Gizmodo.com'}",Gizmodo Deals,"As wide as your desk, this stunning Samsung monitor is 40% off for Prime Day",This monitor is perfect for gamers.,https://gizmodo.com/as-wide-as-your-desk-this-stunning-samsung-monitor-is-40-off-for-prime-day-2000508166,https://gizmodo.com/app/uploads/2024/10/samsung-odyssey-g5.jpg,2024-10-07T14:10:14Z,Samsung’s Odyssey 34-inch gaming monitor is currently available at an incredible 40% discount for Amazon Prime Day which brings its price down to just $329.99 from the original $549.99. This deal is … [+1871 chars],monitor perfect gamers,1.0
"{'id': None, 'name': 'Github.com'}",slashml,AMD Inference,Contribute to slashml/amd_inference development by creating an account on GitHub.,https://github.com/slashml/amd_inference,https://opengraph.githubassets.com/cbee7759c320e4171a1a8091f09f4fa180515f1b7c02018704c0cd537a4837cb/slashml/amd_inference,2024-10-02T07:16:10Z,"This project provides a Docker-based inference engine for running Large Language Models (LLMs) on AMD GPUs. It's designed to work with models from Hugging Face, with a focus on the LLaMA model family… [+2477 chars]",contribute slashmlamdinference development creating account github,0.0
"{'id': None, 'name': 'Amd.com'}",https://community.amd.com/t5/user/viewprofilepage/user-id/407864,AMD Unveils Its First Small Language Model AMD-135M,"In the ever-evolving landscape of artificial intelligence, large language models (LLMs) like GPT-4 and Llama have garnered significant attention for their impressive capabilities in natural language processing and generation. However, small language models (S…",https://community.amd.com/t5/ai/amd-unveils-its-first-small-language-model-amd-135m/ba-p/711368,https://community.amd.com/t5/image/serverpage/image-id/121656iB9F6F806CA73263D/image-size/original?v=v2&px=-1,2024-09-27T19:05:05Z,"In the ever-evolving landscape of artificial intelligence, large language models (LLMs) like GPT-4 and Llama have garnered significant attention for their impressive capabilities in natural language … [+4884 chars]",everevolving landscape artificial intelligence large language models llms like gpt llama garnered significant attention impressive capabilities natural language processing generation however small language models,0.1398809523809524
"{'id': None, 'name': 'Gizmodo.com'}",Gizmodo Deals,"This Prime Day, Our Favorite TV is The 65-Inch LG C4 OLED at 45% Off",This price is ridiculously low!,https://gizmodo.com/this-prime-day-our-favorite-tv-is-the-65-inch-lg-c4-oled-at-45-off-2000508365,https://gizmodo.com/app/uploads/2024/10/tv-lg-c4.jpg,2024-10-07T17:15:53Z,"As the Prime Day event kicks off on Amazon, there’s an exceptional deal on the LG OLED evo C4 Series 4K TVs which offers unprecedented value across multiple screen sizes. What makes this offer even m… [+2464 chars]",price ridiculously low,0.0
"{'id': None, 'name': 'CNET'}",Matt Elliott,"Lenovo Yoga 7 14 Gen 9 Review: Terrific 2-in-1 for Less Than $1,000","With solid build quality, strong performance and lengthy battery life, Lenovo's midrange convertible is well rounded and a great value.",https://www.cnet.com/tech/computing/lenovo-yoga-7-14-gen-9-review-terrific-2-in-1-for-less-than-1000/,https://www.cnet.com/a/img/resize/ec2e1dd49f09676a2407d629a1b9f99380c38fe5/hub/2024/10/04/c78f6c50-718a-48f4-ba86-6e57d03d2eb3/lenovo-yoga-7-14-gen-9-lid.jpg?auto=webp&fit=crop&height=675&width=1200,2024-10-06T16:00:06Z,"Lenovo Yoga 7 14 Gen 9
<table><tr><th>Price as reviewed</th><td>$800</td></tr><tr><th>Display size/resolution</th><td>14-inch 1,920x1,200 touch IPS LCD</td></tr><tr><th>CPU</th><td>AMD Ryzen 7 8840H… [+13573 chars]",solid build quality strong performance lengthy battery life lenovos midrange convertible well rounded great value,0.41111111111111115
"{'id': None, 'name': 'Android Central'}",techkritiko@gmail.com (Jay Bonggolto),Chromebooks' Windows compatibility could be on the chopping block,"Parallels Desktop, the Windows bridge for Chromebooks, might be going away.",https://www.androidcentral.com/chromebooks-laptops/chromebooks-windows-compatibility-could-be-on-the-chopping-block,https://cdn.mos.cms.futurecdn.net/MdoNgxcvfqxVQTmJpezkK-1200-80.jpg,2024-10-10T06:06:57Z,"What you need to know
<ul><li>Parallels for ChromeOS, which lets Chromebooks run Windows apps, might soon be shutting down.</li><li>A new report highlights that there haven't been major updates for … [+2391 chars]",parallels desktop windows bridge chromebooks might going away,0.0
"{'id': None, 'name': 'Yahoo Entertainment'}",,AMD and Intel have formed a coalition to fight off Qualcomm,,https://consent.yahoo.com/v2/collectConsent?sessionId=1_cc-session_5e134e2b-449e-4d99-b392-4a51c9f9caf5,,2024-10-15T19:27:07Z,"If you click 'Accept all', we and our partners, including 238 who are part of the IAB Transparency &amp; Consent Framework, will also store and/or access information on a device (in other words, use … [+678 chars]",,0.0
"{'id': None, 'name': 'Yahoo Entertainment'}",Lawrence Bonk,LG C4 OLED smart TVs hit record-low prices ahead of Prime Day,"The clarion call of next week’s Amazon Prime Day is getting louder and early deals are coming down the line. Case in point? LG’s C4 OLED smart TVs are on sale, with many sizes reaching record-low prices. The 55-inch model is just $1,297, which is around $700 …",https://consent.yahoo.com/v2/collectConsent?sessionId=1_cc-session_0f42eccd-7db3-41d1-b6db-bdc87d3f94cd,,2024-10-03T18:41:07Z,"If you click 'Accept all', we and our partners, including 240 who are part of the IAB Transparency &amp; Consent Framework, will also store and/or access information on a device (in other words, use … [+678 chars]",clarion call next weeks amazon prime day getting louder early deals coming line case point lgs c oled smart tvs sale many sizes reaching recordlow prices inch model around,0.20357142857142857
"{'id': None, 'name': 'Gizmodo.com'}",Joe Tilleli,"This Entry-Level Gaming Laptop Is Exactly $1,000 Off for Early Prime Big Deal Days",Looking for a powerful gaming laptop? Save 63% on a gaming laptop from AceMagic.,https://gizmodo.com/this-entry-level-gaming-laptop-is-exactly-1000-off-for-early-prime-big-deal-days-2000503147,https://gizmodo.com/app/uploads/2024/09/AcemagicLaptop.jpg,2024-09-25T15:54:00Z,PC gaming is becoming more and more popular over a wide range of age groups. If you’ve been thinking of migrating over from console gaming or simply getting into video games for the first time period… [+2353 chars],looking powerful gaming laptop save gaming laptop acemagic,0.3
"{'id': None, 'name': 'Gizmodo.com'}",Gizmodo Deals,"At -45% on Amazon Prime Day, This LG C4 Series TV Will Sell Like Hotcakes",Amazon surprises us with this unprecedented offer.,https://gizmodo.com/at-45-on-amazon-prime-day-this-lg-c4-series-tv-will-sell-like-hotcakes-2000508799,https://gizmodo.com/app/uploads/2024/10/tv-lg-oled.jpg,2024-10-08T12:10:27Z,"Today is the first day of Prime Day at Amazon, and you can enjoy a stunning deal on LG’s OLED evo C4 Series 4K TVs. The current deal offers a massive discount across multiple screen sizes and what’s … [+2939 chars]",amazon surprises us unprecedented offer,0.6
"{'id': None, 'name': 'Gizmodo.com'}",Joe Tilleli,Prime Day Is Out and Samsung Deals Are In With This Curved Monitor Selling at Almost Half Price,The Samsung ViewFinity curved monitor is down $360 on the Samsung website at the moment.,https://gizmodo.com/prime-day-is-out-and-samsung-deals-are-in-with-this-curved-monitor-selling-at-almost-half-price-2000511091,https://gizmodo.com/app/uploads/2024/10/Viewfinity.jpg,2024-10-11T15:34:00Z,Prime Day already concluded a couple days ago. Tuesday and Wednesday this week held the highly-promoted sales event over at Amazon to kick off the holiday shopping season. If you weren’t able to find… [+2608 chars],samsung viewfinity curved monitor samsung website moment,0.0
"{'id': None, 'name': 'Gizmodo.com'}",Gizmodo Deals,Prime Day: Amazon Crushes The Price Of LG OLED C4 TVs By 40% But Can’t Officially Display It,"Due to an agreement with the manufacturer, Amazon is not allowed to officially display such low prices.",https://gizmodo.com/prime-day-amazon-crushes-the-price-of-lg-oled-c4-tvs-by-40-but-cant-officially-display-it-2000508034,https://gizmodo.com/app/uploads/2024/10/tv-lg-oled.jpg,2024-10-06T20:39:42Z,"As Prime Day event has started on Amazon, there’s an exceptional deal on the LG OLED evo C4 Series 4K TVs which offers unprecedented value across multiple screen sizes. The good news it that this dea… [+2566 chars]",due agreement manufacturer amazon allowed officially display low prices,-0.0625
"{'id': None, 'name': 'Gizmodo.com'}",Gizmodo Deals,TCL TV That Rivals Samsung Frame Now 47% Off During Amazon Prime Day,All TV sizes are on sale!,https://gizmodo.com/tcl-tv-that-rivals-samsung-frame-now-47-off-during-amazon-prime-day-2000508674,https://gizmodo.com/app/uploads/2024/10/tcl-tv-nxtframe.jpg,2024-10-07T21:05:35Z,"During Prime Day, TCL is offering massive discounts on its NXTFRAME TV which is a direct competitor to Samsung’s The Frame. The 55-inch model is priced at $799.99 down from $1,499.99 which is a stagg… [+2612 chars]",tv sizes sale,0.0
"{'id': None, 'name': 'Gizmodo.com'}",Kyle Barr,Microsoft Details All the Ways You Can Ignore Recall on Copilot+ PCs,"Recall may be much more secure than previously, though you’ll need to use Windows Hello biometric sign in to access it.",https://gizmodo.com/microsoft-details-all-the-ways-you-can-ignore-recall-on-copilot-pcs-2000504415,https://gizmodo.com/app/uploads/2024/09/Microft-Copilot-recall-1-e1727454506795.jpg,2024-09-27T17:00:18Z,"For as much as Microsoft initially lauded its photographic memory Recall feature on Copilot+ PCs, the tech giant is now putting a lot of effort into telling customers all the ways they can not use it… [+3633 chars]",recall may much secure previously though youll need use windows hello biometric sign access,0.11666666666666668
"{'id': None, 'name': 'Digital Trends'}",Monica J. White,AMD’s Ryzen 9000 CPUs just got a lot faster,AMD just announced a few more updates that will boost the performance of Ryzen 9000 processors.,https://www.digitaltrends.com/computing/amd-ryzen-9000-performance-improvements-updates/,https://www.digitaltrends.com/wp-content/uploads/2024/08/ryzen-7-9700x-ryzen-5-9600x-review-1.jpg?resize=1200%2C630&p=1,2024-09-30T13:00:33Z,"AMD just announced that some of its best processors are about to become even better. The company unveiled a number of Ryzen 9000 improvements, ranging from a much higher TDP for some of the CPUs to t… [+2972 chars]",amd announced updates boost performance ryzen processors,0.0
"{'id': None, 'name': 'VentureBeat'}","Robert Hormuth, AMD",AI is changing enterprise computing — and the enterprise itself,"AI-based applications create a platform for businesses to drive revenue and market share, but the transformation can be difficult to achieve.",https://venturebeat.com/ai/ai-is-changing-enterprise-computing-and-the-enterprise-itself/,https://venturebeat.com/wp-content/uploads/2024/09/AI-is-changing-enterprise-computing-–-and-the-enterprise-itself.jpg?w=1024?w=1200&strip=all,2024-09-26T16:00:00Z,"Presented by AMD 
Its hard to think of any enterprise technology having a greater impact on business today than artificial intelligence (AI), with use cases including automating processes, customizi… [+6749 chars]",aibased applications create platform businesses drive revenue market share transformation difficult achieve,-0.5
"{'id': 'the-verge', 'name': 'The Verge'}",Tom Warren,Microsoft starts rolling out its Windows 11 2024 update with lots of useful improvements,"Microsoft’s latest Windows 11 2024 update is now rolling out. It includes improvements to the Start menu, File Explorer, system tray, and Settings.",https://www.theverge.com/2024/10/1/24258260/microsoft-windows-11-2024-update-24h2-download,https://cdn.vox-cdn.com/thumbor/pn0m7T2Z1eOSDPuU8ppSzy2k39g=/0x0:1920x1080/1200x628/filters:focal(960x540:961x541)/cdn.vox-cdn.com/uploads/chorus_asset/file/22679323/Hero_Bloom_Logo.jpg,2024-10-01T14:00:00Z,"Image: Microsoft

 

 Microsoft is starting to release its Windows 11 2024 update today, also known as version 24H2. This update includes a number of small but useful additions to Windows 11 that im… [+5127 chars]",microsofts latest windows update rolling includes improvements start menu file explorer system tray settings,0.5
"{'id': 'the-verge', 'name': 'The Verge'}",Tom Warren,Microsoft is using AI to improve Windows search,Microsoft is improving its Windows search across File Explorer and Settings thanks to AI. A new Click to Do feature is also coming to Copilot Plus PCs.,https://www.theverge.com/2024/10/1/24258337/microsoft-windows-ai-features-click-to-do-super-resolution-photos,https://cdn.vox-cdn.com/thumbor/8s8I7AylXBTh6TJSDcu9rY5P0DY=/0x0:3840x2160/1200x628/filters:focal(1920x1080:1921x1081)/cdn.vox-cdn.com/uploads/chorus_asset/file/25652423/Improved_Windows_Search.png,2024-10-01T14:00:00Z,"Illustration by Alex Castro / The Verge

 

 Microsoft is using AI models to greatly improve Windows search on its new Copilot Plus PCs, including the addition of a new Click to Do feature that’s ve… [+4384 chars]",microsoft improving windows search across file explorer settings thanks ai new click feature also coming copilot plus pcs,0.16818181818181818
"{'id': None, 'name': 'Digital Trends'}",Monica J. White,"If AMD lets Nvidia run rampant, we’re all in trouble",A healthy rivalry between AMD and Nvidia might be the only thing that protects Nvidia enthusiasts from disastrous prices.,https://www.digitaltrends.com/computing/amd-giving-up-is-bad-news-for-nvidia-fans/,https://www.digitaltrends.com/wp-content/uploads/2022/11/rx-7900-xtx-design.jpg?resize=1200%2C630&p=1,2024-10-19T16:00:13Z,Both Nvidia and AMD are expected to launch new graphics cards within the next few months. It’s no secret as to which of the two lineups has a higher chance of topping the charts with one of the best … [+9519 chars],healthy rivalry amd nvidia might thing protects nvidia enthusiasts disastrous prices,-0.09999999999999998
"{'id': 'business-insider', 'name': 'Business Insider'}",avillasboas@insider.com (Antonio Villas-Boas),Best Prime Day monitor deals: Lowest-ever prices on top models,"Amazon has excellent Prime Day deals on computer monitors with varying features and prices for any need, whether for your home office or gaming.",https://www.businessinsider.com/guides/deals/best-prime-day-monitor-deals-2024-10,https://i.insider.com/6703f9f4a7031864927fdd4b?width=1200&format=jpeg,2024-10-08T07:34:33Z,"When you buy through our links, Business Insider may earn an affiliate commission. Learn more
As the Amazon Prime Big Deal Days event kicks off, so do Prime Day monitor deals. We've combed through A… [+8060 chars]",amazon excellent prime day deals computer monitors varying features prices need whether home office gaming,1.0
"{'id': None, 'name': 'Gizmodo.com'}",Kyle Barr,Maingear MG-1 Review: You Can’t Get More Custom Than This,"The Maingear MG-1 is a great custom PC that allows for a wide variety of high-quality gaming specs. If you don't want to actually build your own PC, this is as close as you can get to the real deal.",https://gizmodo.com/maingear-mg-1-review-you-cant-get-more-custom-than-this-2000505864,https://gizmodo.com/app/uploads/2024/10/Maingear-MG-1-1-e1727806613920.jpg,2024-10-02T10:00:02Z,Theres something special about building a PC by hand. I still have fond memories of my first tower. But we have to face facts: Some people dont have the time or patience to identify all the parts the… [+8387 chars],maingear mg great custom pc allows wide variety highquality gaming specs dont want actually build pc close get real deal,0.22500000000000003
"{'id': None, 'name': 'Digital Trends'}",Albert Bassili,For just $550 you can snag this entry-level gaming laptop with an RTX 3050,"With an RTX 3050 and an AMD Ryzen 5 7235HS, you'll be very impressed with this $550 deal on the Lenovo LOQ",https://www.digitaltrends.com/computing/lenovo-loq-156-inch-gaming-laptop-deal-best-buy-october-2024/,https://www.digitaltrends.com/wp-content/uploads/2023/03/lenovo-loq-02.jpg?resize=1200%2C630&p=1,2024-10-16T17:56:29Z,"Lenovo
While gaming laptops used to be quite big, bulky, and expensive, the past few years have seen a big jump in technology, and now most gaming laptops tend to be quite thin and easy to carry aro… [+1957 chars]",rtx amd ryzen hs youll impressed deal lenovo loq,1.0
"{'id': None, 'name': 'Digital Trends'}",Mark Coppock,"Dell’s value-focused Inspiron 14 2-in-1 is almost great, but one thing holds it back",The Dell Inspiron 14 2-in-1 (7445) leverages a moderately fast AMD chipset to offer up an appealing price. But too many compromises get in the way.,https://www.digitaltrends.com/computing/dell-inspiron-14-2-in-1-7445-review/,https://www.digitaltrends.com/wp-content/uploads/2024/09/dell-inspiron-14-2-in-1-7445-featured-e1727738613730.jpg?resize=1200%2C630&p=1,2024-10-02T13:00:22Z,"With so many new chipsets introduced lately from Intel, AMD, and Qualcomm, you might be tempted to think those are the only laptops around. But they’re not. Manufacturers are still releasing machines… [+11525 chars]",dell inspiron leverages moderately fast amd chipset offer appealing price many compromises get way,0.39999999999999997
"{'id': None, 'name': 'Digital Trends'}",Monica J. White,Bad news for AMD: Nvidia might fast-track the RTX 50-series,"Nvidia might be shifting its strategy in the upcoming RTX 50 series, and that's good news for gamers, but perhaps not for AMD.",https://www.digitaltrends.com/computing/rtx-50-series-release-date-for-mainstream-gpus/,https://www.digitaltrends.com/wp-content/uploads/2023/06/rtx-4060-review-11.jpg?resize=1200%2C630&p=1,2024-10-16T12:57:49Z,"Things are finally about to start heating up for some of the best graphics cards. Although we’re still in the dark about final release dates, both AMD and Nvidia are said to be launching new GPUs in … [+2639 chars]",nvidia might shifting strategy upcoming rtx series thats good news gamers perhaps amd,0.7
"{'id': None, 'name': 'Digital Trends'}",Monica J. White,New leak on Ryzen 7 9800X3D: ‘This legend is unbeatable’,"More and more signs point to an imminent release for the AMD Ryzen 7 9800X3D, including the first leaked images of the processor's packaging.",https://www.digitaltrends.com/computing/amd-ryzen-7-9800x3d-is-on-the-horizon/,https://www.digitaltrends.com/wp-content/uploads/2024/06/rtx-4090-sff-09.jpg?resize=1200%2C630&p=1,2024-09-30T12:57:07Z,"AMD may have just released its new Zen 5 lineup less than two months ago, but the processor that all gamers are waiting for is definitely the Ryzen 7 9800X3D — and it seems to be a lot closer than we… [+2748 chars]",signs point imminent release amd ryzen xd including first leaked images processors packaging,0.25
"{'id': None, 'name': 'Digital Trends'}",Jacob Roach,AMD is finally recognizing that Ryzen 9000 CPUs are way too expensive,AMD is laying some groundwork for Intel's upcoming Arrow Lake CPUs with a price cut across its full range of Ryzen 9000 processors.,https://www.digitaltrends.com/computing/amd-ryzen-9000-holiday-price-cut/,https://www.digitaltrends.com/wp-content/uploads/2024/08/9950x-9900x-review-2.jpg?resize=1200%2C630&p=1,2024-10-21T14:47:08Z,"AMD is finally cutting prices on its Ryzen 9000 CPUs. After teasing that its long-awaited Ryzen 7 9800X3D will arrive in November, the company revealed that it’ll be slashing prices on its existing R… [+1803 chars]",amd laying groundwork intels upcoming arrow lake cpus price cut across full range ryzen processors,0.35
"{'id': None, 'name': 'Yahoo Entertainment'}",Anton Shilov,"Intel's latest flagship 128-core Xeon CPU costs $17,800 — Granite Rapids sets a new high pricing watermark","At nearly $18,000, Intel's Xeon 6980P 'Granite Rapids' could be the industry's most expensive CPU in modern history.",https://finance.yahoo.com/news/intels-latest-flagship-128-core-134730116.html/,https://s.yimg.com/cv/apiv2/social/images/yahoo_default_logo.png,2024-10-03T13:47:30Z,"When you buy through links on our articles, Future and its syndication partners may earn a commission.
Credit: Intel
When Intel formally introduced its Xeon 6 6900-series 'Granite Rapids' on Septem… [+2646 chars]",nearly intels xeon p granite rapids could industrys expensive cpu modern history,-0.06666666666666667
"{'id': None, 'name': 'Liblisa.nl'}",,LibLISA – Instruction Discovery and Analysis on x86-64,libLISA derives x86-64 instruction semantics bottom-up from CPU behavior. The semantics are machine-readable and CPU-specific.,https://liblisa.nl/,https://liblisa.nl/logo.png,2024-10-24T07:35:56Z,"libLISA is a tool that can fully automatically scan instruction space, discover instructions and synthesize their semantics.
 It produces machine-readable, CPU-specific x86-64 instruction semantics.… [+3202 chars]",liblisa derives x instruction semantics bottomup cpu behavior semantics machinereadable cpuspecific,0.0
"{'id': None, 'name': 'Digital Trends'}",Monica J. White,These AMD and Nvidia release date updates are giving me whiplash,"We just got even more news about the possible release dates for Nvidia's RTX 50-series and AMD's RDNA 4, and the back-and-forth never ends.",https://www.digitaltrends.com/computing/rtx-50-series-rdna-4-release-date-node-updates/,https://www.digitaltrends.com/wp-content/uploads/2022/11/rtx-4080-review-18.jpg?resize=1200%2C630&p=1,2024-10-07T12:48:22Z,"If you’re wondering about the future of Nvidia’s and AMD’s top graphics cards, you’re not alone. We all know it’s almost time for the next generation of GPUs to be released, but no one knows when exa… [+2275 chars]",got even news possible release dates nvidias rtx series amds rdna backandforth never ends,0.0
"{'id': None, 'name': 'Digital Trends'}",Aaron Mamiit,Woah! HP’s 15-inch touchscreen laptop is 45% off at Best Buy,"The HP Laptop 15 with the AMD Ryzen 5 7520U processor, originally $580, is on sale from Best Buy for a more affordable $320, but only until the end of the day.",https://www.digitaltrends.com/computing/hp-laptop-15-deal-best-buy-october-2024/,https://www.digitaltrends.com/wp-content/uploads/2024/07/hp-15.6-inch-fd0025st-render-1_c34a4e.jpeg?resize=1200%2C630&p=1,2024-10-09T14:55:06Z,"Staples / HP
For a laptop that’s reliable and versatile with just the right amount of performance for most people, you can’t go wrong with the HP Laptop 15. The best part? It’s currently 45% off at … [+1796 chars]",hp laptop amd ryzen u processor originally sale best buy affordable end day,0.6875
"{'id': None, 'name': 'Gizmodo.com'}",Kyle Barr,The Snapdragon 8 Elite Aims to Supercharge Android Performance,The Snapdragon 8 Elite looks to beat the iPhone 16 and Qualcomm claims it’s still beating Intel’s Lunar Lake.,https://gizmodo.com/the-snapdragon-8-elite-aims-to-supercharge-android-performance-2000514650,https://gizmodo.com/app/uploads/2024/10/Snapdragon-8-Elite-Inside-View-QRD.jpg,2024-10-21T19:20:21Z,"Qualcomms next big mobile chip is going elite. According to the chipmaker, the Android-centric mobile offering isnt just a step up from last years Snapdragon 8 Gen 3. At its big Snapdragon Summit in … [+5332 chars]",snapdragon elite looks beat iphone qualcomm claims still beating intels lunar lake,0.0
"{'id': None, 'name': 'Digital Trends'}",Jacob Roach,Pour one out — AMD is reportedly sunsetting the Ryzen 7 5800X3D,"AMD's legendary Ryzen 7 5800X3D is out of stock basically everywhere, and it looks like the processor might be gone for good.",https://www.digitaltrends.com/computing/amd-discontinue-ryzen-7-5800x3d/,https://www.digitaltrends.com/wp-content/uploads/2022/04/ryzen-7-5800x3d-review-3.jpg?resize=1200%2C630&p=1,2024-10-17T14:15:30Z,"The Ryzen 7 5800X3D is a certified legend, sitting among the best processors you can buy several years after its release. It was the swan song for the AM4 socket and Zen 3 architecture, and it debute… [+2150 chars]",amds legendary ryzen xd stock basically everywhere looks like processor might gone good,0.85
"{'id': None, 'name': 'Digital Trends'}",Jacob Roach,"Buy now, fix later — PC hardware feels like it’s in early access","Recent hardware releases haven't delivered expected performance at release, and have instead relied on post-launch updates to bring the components up to par.",https://www.digitaltrends.com/computing/early-access-pc-hardware/,https://www.digitaltrends.com/wp-content/uploads/2024/08/ryzen-7-9700x-ryzen-5-9600x-review-6.jpg?resize=1200%2C630&p=1,2024-10-08T13:00:35Z,"PC hardware is feeling increasingly unstable at launch, and that really came into view with AMD’s release of Ryzen 9000 CPUs. AMD released several updates for these CPUs in the weeks following their … [+5743 chars]",recent hardware releases havent delivered expected performance release instead relied postlaunch updates bring components par,-0.05
"{'id': None, 'name': 'Yahoo Entertainment'}",,"Someone finally tested China's x86 CPU answer to AMD and Intel — the 8-core Zhaoxin KX-7000 processor is promising, but can't reasonably compete for now",,https://consent.yahoo.com/v2/collectConsent?sessionId=1_cc-session_edd1c699-a97e-4705-a3a6-09970bcedcc4,,2024-10-09T19:09:00Z,"If you click 'Accept all', we and our partners, including 240 who are part of the IAB Transparency &amp; Consent Framework, will also store and/or access information on a device (in other words, use … [+678 chars]",,0.0
"{'id': None, 'name': 'XDA Developers'}",Joe Rice-Jones,3 reasons gaming handhelds favor AMD chipsets,"AMD has a near monopoly on supplying the console market, and that isn't going to change any time soon.",https://www.xda-developers.com/3-reasons-gaming-handhelds-favor-amd-chipsets/,https://static1.xdaimages.com/wordpress/wp-content/uploads/wm/2024/09/reasons-gaming-handhelds-favor-amd-chipsets.jpg,2024-10-01T11:00:14Z,"The market is flooded with PC gaming handhelds, but with a few notable exceptions, they all have one big thing in common. That's the APUs powering them, which are made by AMD, either in device-specif… [+5559 chars]",amd near monopoly supplying console market isnt going change time soon,0.1
"{'id': 'ign', 'name': 'IGN'}",Michael Cripe,Starfield: Shattered Space Expansion Global Launch Times Revealed,Bethesda Game Studios has published Shattered Space global launch times for those looking to hop into the first major Starfield expansion on its PC and Xbox Series X | S release date.,https://www.ign.com/articles/starfield-shattered-space-expansion-global-launch-times-revealed,https://assets-prd.ignimgs.com/2024/09/16/starfield-1726501490581.jpg?width=1280,2024-09-27T18:04:08Z,"Bethesda Game Studios has published Shattered Space global launch times for those looking to hop into the first major Starfield expansion on its PC and Xbox Series X | S release date.
The developer … [+3374 chars]",bethesda game studios published shattered space global launch times looking hop first major starfield expansion pc xbox series x release date,-0.021875000000000006
"{'id': None, 'name': 'Rock Paper Shotgun'}",Nic Reuben,Shout out to Red Dead Redemption’s PC requirements for allowing me to finally meet the recommended specs for something,It’s always vaguely reassuring to see your own card mentioned by name in the recommended specs for a new release - even if that new release is just a slightly pomaded-up version of 14-year-old open world console game Red Dead Redemption. I could write a labor…,https://www.rockpapershotgun.com/shout-out-to-red-dead-redemptions-pc-requirements-for-allowing-me-to-finally-meet-the-recommended-specs-for-something,https://assetsio.gnwcdn.com/red-dead-redemption-1-john-marston.jpg?width=1200&height=630&fit=crop&enable=upscale&auto=webp,2024-10-10T08:08:54Z,It’s always vaguely reassuring to see your own card mentioned by name in the recommended specs for a new release - even if that new release is just a slightly pomaded-up version of 14-year-old open w… [+2123 chars],always vaguely reassuring see card mentioned name recommended specs new release even new release slightly pomadedup version yearold open world console game red dead redemption could write labor,-0.12424242424242424
"{'id': None, 'name': 'Slashdot.org'}",EditorDavid,Hobbyist Builds a Modern System That Still Runs MS-DOS,"He's the long-time Slashdot reader who installed Linux on a 1993 PC — and then installed a 1994 version of MS-DOS on a modern Thinkpad X13. (And somewhere along the way, he even built a ChatGPT client for DOS...) 

But in a new blog post, yeokm1 reveals ""I re…",https://tech.slashdot.org/story/24/10/06/0342212/hobbyist-builds-a-modern-system-that-still-runs-ms-dos,https://a.fsdn.com/sd/topics/os_64.png,2024-10-06T14:34:00Z,"He's the long-time Slashdot reader who installed Linux on a 1993 PC — and then installed a 1994 version of MS-DOS on a modern Thinkpad X13. (And somewhere along the way, he even built a ChatGPT clien… [+2177 chars]",hes longtime slashdot reader installed linux pc installed version msdos modern thinkpad x somewhere along way even built chatgpt client dos new blog post yeokm reveals,0.16818181818181818
"{'id': None, 'name': 'Windows Central'}",ben.wilson@windowscentral.com (Ben Wilson),AMD unlocks over 60% Ryzen CPU power boosts for two of my top-rated desktop processors with a new TDP firmware update,"AMD Ryzen 600 Series motherboards can push the TDP of its 9600X and 9700X desktop processors by over 60%, but it comes with an important trade-off.",https://www.windowscentral.com/hardware/cpu-gpu-components/amd-unlocks-ryzen-9000-tdp-with-firmware-update,https://cdn.mos.cms.futurecdn.net/Zf8bQhHVo4VsBDGhqN7MrW-1200-80.jpg,2024-09-30T13:00:00Z,"What you need to know
<ul><li>Motherboards supporting AMD's Ryzen 600 chipset can update their BIOS firmware to AGESA PI 1.2.0.2 and unlock 105W TDP for compatible processors.</li><li>AMD Ryzen 5 96… [+3180 chars]",amd ryzen series motherboards push tdp x x desktop processors comes important tradeoff,0.4
"{'id': None, 'name': 'Windows Central'}",Alexander Cope,See your favorite PC games in a whole new light with the Acer Nitro for less than $160 courtesy of this Walmart Anti-Prime Day Deal,"Walmart is hosting an exclusive 30% discount deal for the Acer Nitro, a PC gaming monitor with built-in AMD technology that can display games at high resolutions.",https://www.windowscentral.com/accessories/monitors/see-your-favorite-pc-games-in-a-whole-new-light-with-the-acer-nitro-for-less-than-usd160-courtesy-of-this-walmart-anti-prime-day-deal,https://cdn.mos.cms.futurecdn.net/oLZxyjzJqtBEDpEPq89h64-1200-80.jpg,2024-10-08T18:08:27Z,"In an age where PC desktops have become one of, if not the most popular, platforms for playing video games, gamers must hunt down the highest-quality PC monitors to display their games on. Unfortunat… [+3665 chars]",walmart hosting exclusive discount deal acer nitro pc gaming monitor builtin amd technology display games high resolutions,0.16
"{'id': None, 'name': 'Windows Central'}",zacharylboddy@outlook.com (Zachary Boddy),"HP's ""Ultra"" AMD AI PC is boring on the outside, but there's magic on the inside","The HP OmniBook Ultra 14 is a powerful, AMD-equipped AI PC with excellent endurance, but the design and display are dreadfully boring.",https://www.windowscentral.com/hardware/hp/hp-omnibook-ultra-14-2024-review,https://cdn.mos.cms.futurecdn.net/6cLgGb57bLHiqabVTizxhE-1200-80.jpg,2024-10-23T13:00:00Z,"In the wake of HP's total consumer rebranding, the 14-inch OmniBook Ultra arrives as one half of the company's two-pronged flagship strategy. A traditional clamshell design disguises this laptop's un… [+25603 chars]",hp omnibook ultra powerful amdequipped ai pc excellent endurance design display dreadfully boring,0.10000000000000002
"{'id': 'business-insider', 'name': 'Business Insider'}",Beatrice Nolan,What the roller coaster earnings at ASML and TSMC tell us about demand for AI chips,TSMC's blockbuster results will be a welcome surprise to investors after ASML's earnings sent semiconductor stocks tumbling earlier this week.,https://www.businessinsider.com/asml-tsmc-earnings-demand-ai-chips-2024-10,https://i.insider.com/67110b8b3f2165d716e27179?width=1024&format=jpeg,2024-10-17T17:09:28Z,"The TSMC (Taiwan Semiconductor Manufacturing Company) logo on the company building in Hsinchu.Walid Berrazeg/Getty
<ul><li>The latest bump in the AI road was a downbeat earnings report from ASML tha… [+4514 chars]",tsmcs blockbuster results welcome surprise investors asmls earnings sent semiconductor stocks tumbling earlier week,0.4
"{'id': None, 'name': 'Digital Trends'}",Carli Velocci,Red Dead Redemption coming to PC 14 years after its release,"Rockstar Games is bringing the first Red Dead Redemption to PC, along with Undead Nightmare and modern improvements.",https://www.digitaltrends.com/gaming/red-dead-redemption-pc-release-announcement/,https://www.digitaltrends.com/wp-content/uploads/2024/10/Red-Dead-Redemption-Image-4.jpg?resize=1200%2C630&p=1,2024-10-08T16:08:22Z,"Rockstar Games
Red Dead Redemption, the open-world RPG that kicked off the now classic Western franchise, is coming to PC for the first time since it launched over 14 years ago.
Rockstar Games anno… [+2046 chars]",rockstar games bringing first red dead redemption pc along undead nightmare modern improvements,0.0625
"{'id': None, 'name': 'Theregister.com'}",Tobias Mann,"Intel, AMD, team with tech titans for x86 ISA overhaul","Linus Torvalds, Broadcom, Dell, HPE, and Lenovo on the list
The shape of the x86 instruction set architecture (ISA) is evolving. On Tuesday, Intel and AMD announced the formation of an ecosystem advisory group intended to drive greater consistency between the…",https://www.theregister.com/2024/10/15/intel_amd_x86_future/,https://regmedia.co.uk/2022/02/14/shutterstock_binary_with_cpu.jpg,2024-10-15T17:41:03Z,"The shape of the x86 instruction set architecture (ISA) is evolving. On Tuesday, Intel and AMD announced the formation of an ecosystem advisory group intended to drive greater consistency between the… [+5206 chars]",linus torvalds broadcom dell hpe lenovo list shape x instruction set architecture isa evolving tuesday intel amd announced formation ecosystem advisory group intended drive greater consistency,0.5
"{'id': None, 'name': 'Windows Central'}",ben.wilson@windowscentral.com (Ben Wilson),"AMD will power the ""world's first Copilot+ PCs designed for enterprise"" with Ryzen AI PRO 300 processors using 55 TOPS NPUs","Expanding its successful Ryzen AI 300 mobile processors, AMD offers extra AI-powered security to enterprise customers with 55 TOPS NPUs and the world's first Copilot+ PCs in the market.",https://www.windowscentral.com/hardware/cpu-gpu-components/amd-ryzen-ai-pro-300-announcement,https://cdn.mos.cms.futurecdn.net/77ghiy34zXGaKA26kqYG44-1200-80.jpg,2024-10-10T18:00:00Z,"What you need to know
<ul><li>AMD expands its AI processor range with three Ryzen AI PRO variants for the enterprise market.</li><li>Featuring an NPU running at up to 55 TOPS and Radeon 800M integra… [+3834 chars]",expanding successful ryzen ai mobile processors amd offers extra aipowered security enterprise customers tops npus worlds first copilot pcs market,0.275
"{'id': None, 'name': 'Theregister.com'}",Tobias Mann,TensorWave bags $43M to pack its datacenter with AMD accelerators,"Startup also set to launch an inference service in Q4
TensorWave on Tuesday secured $43 million in fresh funding to cram its datacenter full of AMD's Instinct accelerators and bring a new inference platform to market.…",https://www.theregister.com/2024/10/08/tensorwave_amd_gpu_cloud/,https://regmedia.co.uk/2024/04/16/supplied_amd_instinct_mi300_series.jpg,2024-10-08T19:23:59Z,"TensorWave on Tuesday secured $43 million in fresh funding to cram its datacenter full of AMD's Instinct accelerators and bring a new inference platform to market.
Founded in late 2023, the Las Vega… [+3403 chars]",startup also set launch inference service q tensorwave tuesday secured million fresh funding cram datacenter full amds instinct accelerators bring new inference platform market,0.2621212121212121
"{'id': None, 'name': 'Lewoniewski.info'}",,Python 3.12 vs. Python 3.13 – performance testing,"This article describes the performance testing results of Python 3.13 compared to Python 3.12. A total of 100 various benchmark tests were conducted on computers with the AMD Ryzen 7000 series and the 13th-generation of Intel Core processors for desktops, lap…",https://en.lewoniewski.info/2024/python-3-12-vs-python-3-13-performance-testing/,https://en.lewoniewski.info/uploads/2024/10/python313.jpg,2024-10-17T18:33:30Z,This article describes the performance testing results of Python 3.13 compared to Python 3.12. A total of 100 various benchmark tests were conducted on computers with the AMD Ryzen 7000 series and th… [+18777 chars],article describes performance testing results python compared python total various benchmark tests conducted computers amd ryzen series thgeneration intel core processors desktops lap,0.0
"{'id': None, 'name': 'XDA Developers'}",Rich Edmonds,Check out AMD's all-new Ryzen 9000 series X3D gaming CPU,"AMD teased its latest X3D processor, the first for the Ryzen 9000 series. See how the next Ryzen X3D will be AMD's most powerful gaming CPU.",https://www.xda-developers.com/amd-teases-upcoming-ryzen-9000-x3d-cpu/,https://static1.xdaimages.com/wordpress/wp-content/uploads/2024/10/amd-x3d-reimagined-press-render.jpg,2024-10-21T13:37:44Z,"AMD rolled out a teaser for the company's first Ryzen 9000 series X3D gaming processor. The X3D suffix stands for AMDs Extended 3D Technology technology, essentially the company slapping an additiona… [+2355 chars]",amd teased latest xd processor first ryzen series see next ryzen xd amds powerful gaming cpu,0.2625
"{'id': None, 'name': 'Windows Central'}",c.cale.hunt@gmail.com (Cale Hunt),"This AMD gaming laptop with 144Hz display is hundreds less than a ROG Ally, but only while the deal lasts","Casual PC gamers can't miss this limited deal on an HP Victus gaming laptop, powered by AMD hardware; it's down to less than $500, making it even cheaper than our favorite gaming handhelds.",https://www.windowscentral.com/hardware/laptops/this-amd-gaming-laptop-with-144hz-display-is-hundreds-less-than-a-rog-ally-but-only-while-the-deal-lasts,https://cdn.mos.cms.futurecdn.net/S3cgxyfEPGownsUKjTpXt-1200-80.jpg,2024-09-30T15:53:57Z,"The best gaming laptops can easily reach into the realm of thousands of dollars, and that simply isn't feasible for most PC gamers. If you don't expect Ultra settings in demanding AAA titles, you can… [+5327 chars]",casual pc gamers cant miss limited deal hp victus gaming laptop powered amd hardware less making even cheaper favorite gaming handhelds,-0.05952380952380951
"{'id': None, 'name': 'Windows Central'}",c.cale.hunt@gmail.com (Cale Hunt),Amazon can't match this Prime Day gaming laptop deal at Walmart — Get an RTX 4060 and 165Hz display for $849,"Gaming handhelds are hot right now, but you can spend just a tiny bit more and get a full gaming laptop with a QHD+ 165Hz display, RTX 4060, and AMD Ryzen 7 performance.",https://www.windowscentral.com/hardware/laptops/lenovo-legion-slim-5-16-october-prime-day-deal,https://cdn.mos.cms.futurecdn.net/rhYeeWNCoBaUAQxfNUw5qm-1200-80.jpg,2024-10-08T16:06:56Z,"As someone who has reviewed countless Lenovo gaming laptops, the quality and performance have always been standout perks, especially in more recent models. The Legion Slim 5 16 (Gen 9) takes the usua… [+3637 chars]",gaming handhelds hot right spend tiny bit get full gaming laptop qhd hz display rtx amd ryzen performance,0.22142857142857142
"{'id': None, 'name': 'Windows Central'}",rebecca.spear@futurenet.com (Rebecca Spear),"""Is the x86 done? Well, I'll tell you, rumors of my death are severely exaggerated. We are alive and well, and the x86 is thriving."" Intel CEO speaks on its collaboration with AMD","During Lenovo Tech World 24, Intel CEO Pat Gelsinger and AMD CEO Lisa Su came on stage at different points and discussed the collaboration headlined by the two chip manufacturers.",https://www.windowscentral.com/hardware/intel-and-amd-join-to-make-x86-ecosystem-advisory-group,https://cdn.mos.cms.futurecdn.net/ELQkwc2QK4aVbMiwC3rKHE-1200-80.jpg,2024-10-16T10:21:58Z,"What you need to know
<ul><li>Lenovo Tech World 24 is going on right now, a multi-day conference where analysts, media members, and tech leaders come together to discuss the latest tech offerings.</… [+4947 chars]",lenovo tech world intel ceo pat gelsinger amd ceo lisa su came stage different points discussed collaboration headlined two chip manufacturers,0.0
"{'id': None, 'name': 'Windows Central'}",c.cale.hunt@gmail.com (Cale Hunt),iBuyPower's pre-built gaming PCs are so cheap that I wonder why I build my own,"I always urge people to build their own PCs when possible, but sales like this highlight why so many people choose to go with a pre-built. Check out these Intel and AMD gaming PCs before buying anything else.",https://www.windowscentral.com/gaming/pc-gaming/ibuypower-trace-mesh-intel-amd-prime-day,https://cdn.mos.cms.futurecdn.net/FB3MAB8wi8yK5X4Y333T94-1200-80.jpg,2024-10-08T19:27:21Z,"Building a custom PC isn't for everyone, and sales events like Prime Day are the perfect time to find pre-built gaming PCs for less. It can, however, sometimes be tough to find exactly what you need,… [+3229 chars]",always urge people build pcs possible sales like highlight many people choose go prebuilt check intel amd gaming pcs buying anything else,0.25
"{'id': None, 'name': 'XDA Developers'}",Emily Price,Intel and AMD join forces to future-proof x86 computing architecture,"Intel and AMD launch a new advisory group to enhance compatibility, innovation, and scalability within the x86 computing ecosystem.",https://www.xda-developers.com/intel-and-amd-join-forces-to-future-proof-x86-computing-architecture/,https://static1.xdaimages.com/wordpress/wp-content/uploads/2024/07/christin-hume-mfb1b1s4smc-unsplash.jpg,2024-10-15T20:00:39Z,"Intel and AMD, two of the largest names in computing, have teamed up to form the x86 Ecosystem Advisory Group, a significant initiative aimed at advancing the future of the x86 architecture. This new… [+5053 chars]",intel amd launch new advisory group enhance compatibility innovation scalability within x computing ecosystem,0.13636363636363635
"{'id': None, 'name': 'Windows Central'}",ben.wilson@windowscentral.com (Ben Wilson),AMD's all-new X870 and X870E motherboards launch: Where to buy the best match for Ryzen 9000 CPUs,All-new motherboards designed for AMD's X870 and X870E chipset features have finally launched for Ryzen 9000 desktop processors. Here are the cheapest boards available on launch day.,https://www.windowscentral.com/hardware/cpu-gpu-components/amd-x870-x870e-motherboards-launch-where-to-buy,https://cdn.mos.cms.futurecdn.net/L3v9BbGWhpjpNE7D77pgJe-1200-80.jpg,2024-09-30T15:54:42Z,"What you need to know
<ul><li>New motherboards supporting AMD's X870 and X870E chipset are now available, launching first on Newegg.</li><li>All boards support the new AMD Ryzen 9000 Series desktop … [+2978 chars]",allnew motherboards designed amds x xe chipset features finally launched ryzen desktop processors cheapest boards available launch day,0.2
"{'id': None, 'name': 'CNET'}",Matt Poskitt,Early Prime Day Deal Drops AMD Ryzen 9 Processor by $350 to Lowest Price Yet,Amazon Prime subscribers can get the powerful processor for just $220 in this early Prime Day offer.,https://www.cnet.com/deals/early-prime-day-deal-drops-amd-ryzen-9-processor-by-350-to-lowest-price-yet/,https://www.cnet.com/a/img/resize/cabc0937e54d034948995928d532b0baab52903a/hub/2024/10/07/fc1c4784-9218-4ede-a22b-a1ed28ccf2ac/amd-ryzen-processor-commerce-image.png?auto=webp&fit=crop&height=675&width=1200,2024-10-07T14:55:00Z,"A processor can make a big difference to a PC. Whether it's having the ability to multitask without compromise, performing complex tasks at lightning-fast speeds or getting the most out of the latest… [+1267 chars]",amazon prime subscribers get powerful processor early prime day offer,0.2
"{'id': None, 'name': 'GameSpot'}",S.E. Doster,"Call Of Duty: Black Ops 6 PC Specs, Highlighted Features, And More","Call of Duty: Black Ops 6 arrives next week, and Activision has revealed all the details regarding PC features, hardware requirements, and more. Here is everything you need to know to prepare for playing this year's new Call of Duty on PC.The latest blog from…",https://www.gamespot.com/articles/call-of-duty-black-ops-6-pc-specs-highlighted-features-and-more/1100-6527175/,https://www.gamespot.com/a/uploads/screen_kubrick/1639/16394540/4384751-bo6_multiplayer_omnimovement_branded.jpg,2024-10-15T19:59:00Z,"Call of Duty: Black Ops 6 arrives next week, and Activision has revealed all the details regarding PC features, hardware requirements, and more. Here is everything you need to know to prepare for pla… [+3002 chars]",call duty black ops arrives next week activision revealed details regarding pc features hardware requirements everything need know prepare playing years new call duty pcthe latest blog,0.11742424242424243
"{'id': None, 'name': 'Theregister.com'}",Thomas Claburn,Spectre flaws continue to haunt Intel and AMD as researchers find fresh attack method,"The indirect branch predictor barrier is less of a barrier than hoped
Six years after the Spectre transient execution processor design flaws were disclosed, efforts to patch the problem continue to fall short.…",https://www.theregister.com/2024/10/18/spectre_problems_continue_amd_intel/,https://regmedia.co.uk/2020/11/20/spectre.jpg,2024-10-18T14:01:15Z,"Six years after the Spectre transient execution processor design flaws were disclosed, efforts to patch the problem continue to fall short.
Johannes Wikner and Kaveh Razavi of Swiss university ETH Z… [+3424 chars]",indirect branch predictor barrier less barrier hoped six years spectre transient execution processor design flaws disclosed efforts patch problem continue fall short,-0.08333333333333333
"{'id': None, 'name': 'Yanko Design'}",Sarang Sheth,Powerful Mini-PC Fits Inside a Foldable Keyboard with AMD Ryzen 7 and 1TB SSD,"Powerful Mini-PC Fits Inside a Foldable Keyboard with AMD Ryzen 7 and 1TB SSDBarely the size of a Mac mini, the Lunar is a 2-in-1 Foldable Keyboard that packs an entire PC into its compact design. Think of...",https://www.yankodesign.com/2024/10/15/powerful-mini-pc-fits-inside-a-foldable-keyboard-with-amd-ryzen-7-and-1tb-ssd/,https://www.yankodesign.com/images/design_news/2024/10/powerful-mini-pc-fits-inside-a-foldable-keyboard-with-amd-ryzen-7-and-1tb-ssd/lunar_folding_keyboard_mini_pc_1.jpg,2024-10-16T01:45:44Z,"Barely the size of a Mac mini, the Lunar is a 2-in-1 Foldable Keyboard that packs an entire PC into its compact design. Think of it as a laptop’s spiritual sibling – designed to fit anywhere and be c… [+4528 chars]",powerful minipc fits inside foldable keyboard amd ryzen tb ssdbarely size mac mini lunar foldable keyboard packs entire pc compact design think,0.15
"{'id': None, 'name': 'Hackaday'}",Bryan Cockfield,A Modern PC With a Retro OS,"Despite the rise of ARM processors in more and more computers from embedded systems to daily driver PCs, the x86 architecture maintains a stronghold in the computing space that won’t …read more",https://hackaday.com/2024/10/22/a-modern-pc-with-a-retro-os/,https://hackaday.com/wp-content/uploads/2024/10/dos-main.jpg,2024-10-23T02:00:23Z,"Despite the rise of ARM processors in more and more computers from embedded systems to daily driver PCs, the x86 architecture maintains a stronghold in the computing space that won’t be going away an… [+2356 chars]",despite rise arm processors computers embedded systems daily driver pcs x architecture maintains stronghold computing space wont read,0.0
"{'id': None, 'name': 'Digital Trends'}",Jennifer Allen,This affordable gaming laptop from HP just got $500 cheaper,Best Buy has cut the price of the popular HP Victus 16 gaming laptop so it's even more affordable for gamers on a budget.,https://www.digitaltrends.com/computing/hp-victus-16-deal-best-buy-september-2024/,https://www.digitaltrends.com/wp-content/uploads/2022/03/hp-victus-16.jpg?resize=1200%2C630&p=1,2024-09-25T21:00:39Z,"HP
For one of the best gaming laptop deals of the week, head over to Best Buy. Today, you can buy an HP Victus 16 gaming laptop for $900 instead of $1,400. Being able to buy a laptop with such a hug… [+2108 chars]",best buy cut price popular hp victus gaming laptop even affordable gamers budget,0.8
"{'id': None, 'name': 'Digital Trends'}",Aaron Mamiit,"This HP Notebook is great for students, and it’s on sale with a $780 discount","The HP Dragonfly Pro, a powerful laptop that offers access to 24/7 live support for any technical problem, is on sale from B&H Photo Video with a $780 discount.",https://www.digitaltrends.com/computing/hp-dragonfly-pro-laptop-deal-b-h-photo-video-october-2024/,https://www.digitaltrends.com/wp-content/uploads/2023/03/hp-dragonfly-pro-front-angled-e1678731788482.jpg?resize=1200%2C630&p=1,2024-10-01T20:20:06Z,"Mark Coppock/Digital Trends / Digital Trends
Laptop deals with discounts of more than 50% are very capable of attracting the attention of shoppers, but not all of them are worth it. B&amp;H’s offer … [+2149 chars]",hp dragonfly pro powerful laptop offers access live support technical problem sale bh photo video discount,0.1340909090909091
"{'id': None, 'name': 'Digital Trends'}",Aaron Mamiit,Get this affordable Asus laptop with a 15% discount from Woot,The Asus Vivobook Go 15 is a dependable but affordable laptop that's even cheaper right now following a 15% discount in the New Laptops sale of Amazon's Woot.,https://www.digitaltrends.com/computing/asus-vivobook-go-15-laptop-deal-woot-october-2024/,https://www.digitaltrends.com/wp-content/uploads/2024/10/Asus-Vivobook-Go-15-laptop.jpg?resize=1200%2C630&p=1,2024-10-17T17:50:08Z,"Asus
Anyone looking for an affordable but dependable laptop they can use for work or school should check out the at Amazon’s Woot. One of the laptop deals that’s gaining a lot of attention is this 1… [+1897 chars]",asus vivobook go dependable affordable laptop thats even cheaper right following discount new laptops sale amazons woot,0.14069264069264067
"{'id': None, 'name': 'Digital Trends'}",Jennifer Allen,Our favorite gaming monitor has a $220 discount today,The Alienware 34 Curved QD-OLED gaming monitor is a dream to use and look at. It's currently on sale at Dell making it more affordable than before.,https://www.digitaltrends.com/computing/alienware-34-curved-qd-oled-gaming-monitor-deal-dell-october-2024/,https://www.digitaltrends.com/wp-content/uploads/2024/07/Alienware-34-Curved-QD-OLED-Gaming-Monitor.jpg?resize=1200%2C630&p=1,2024-10-23T19:40:38Z,"Alienware
Dell often has some of the best monitor deals, and that’s certainly the case today. For gamers, there’s a fantastic offer on the Alienware 34 Curved QD-OLED Gaming Monitor, which bring it … [+2019 chars]",alienware curved qdoled gaming monitor dream use look currently sale dell making affordable,0.0
"{'id': 'polygon', 'name': 'Polygon'}",Michael McWhertor,The original Red Dead Redemption is finally coming to PC,"Red Dead Redemption is headed to Windows PC on Oct. 29, Rockstar Games announced Tuesday. The port of the 2010 open-world Western adventure game follows recent re-releases of Red Dead Redemption for PlayStation 4 and Nintendo Switch. Like those versions of th…",https://www.polygon.com/news/23171877/red-dead-redemption-1-pc-steam-release-date,https://platform.polygon.com/wp-content/uploads/sites/2/chorus/uploads/chorus_asset/file/25445533/red_dead_redemption_1.jpg?quality=90&strip=all&crop=0%2C2.8703703703704%2C100%2C93.077370564282&w=1200,2024-10-08T13:22:18Z,"Red Dead Redemption is headed to Windows PC on Oct. 29, Rockstar Games announced Tuesday. 

The port of the 2010 open-world Western adventure game follows recent re-releases of Red Dead Redemption fo… [+1655 chars]",red dead redemption headed windows pc oct rockstar games announced tuesday port openworld western adventure game follows recent rereleases red dead redemption playstation nintendo switch like versions th,-0.1142857142857143
"{'id': None, 'name': 'CNET'}",Matt Elliott,"Lenovo Yoga 9i 14 Gen 9 Review: Slim Body, Superb Display, Stunning Sound","Lenovo's flagship two-in-one has AV advantages over its midrange sibling, but you'll pay a premium price for the OLED display and quad speakers.",https://www.cnet.com/tech/computing/lenovo-yoga-9i-14-gen-9-review-slim-body-superb-display-stunning-sound/,"https://www.cnet.com/a/img/resize/159ff1a39567e3304e16b31be26cb84ec1daa601/hub/2024/09/27/08266f88-a165-42a6-af66-0d611c6641e1/lenovo-yoga-9i-14-gen-9-overview.jpg?auto=webp&fit=crop&height=675&precrop=3782,2842,x554,y0&width=1200",2024-09-29T12:00:18Z,"Now in its ninth generation, Lenovo's premium two-in-one convertible features a familiar design that's soft and rounded (and perhaps a bit dated) but also extremely thin, light and compact. It looks … [+14465 chars]",lenovos flagship twoinone av advantages midrange sibling youll pay premium price oled display quad speakers,0.0
"{'id': None, 'name': 'Yahoo Entertainment'}",Syeda Seirut Javed,"Jim Cramer on Advanced Micro Devices, Inc. (AMD): ‘I Think It’s A Buy Ahead Of The Meeting’","We recently compiled a list of the 10 Best Jim Cramer Stocks To Buy According to Analysts. In this article, we are going to take a look at where Advanced...",https://finance.yahoo.com/news/jim-cramer-advanced-micro-devices-101809616.html,https://s.yimg.com/ny/api/res/1.2/urMM2VzBkSHT98G0um.0Eg--/YXBwaWQ9aGlnaGxhbmRlcjt3PTEyMDA7aD02NzM-/https://media.zenfs.com/en/insidermonkey.com/78ee81d4d8cbe53924c848faf9b29aa4,2024-10-23T10:18:09Z,"We recently compiled a list of the 10 Best Jim Cramer Stocks To Buy According to Analysts. In this article, we are going to take a look at where Advanced Micro Devices, Inc. (NASDAQ:AMD) stands again… [+6209 chars]",recently compiled list best jim cramer stocks buy according analysts article going take look advanced,0.4666666666666666
"{'id': None, 'name': 'TMZ'}",TMZ Staff,Stars amd Scars -- You Be the Judge,"Diddy's facing even more lawsuits as he sits in jail, and boy, the Cardi/Offset divorce has gotten ugly. So we gotta ask ...",https://www.tmz.com/2024/09/28/polls-you-be-the-judge/,https://imagez.tmz.com/image/45/16by9/2024/09/27/45a2f117f5784af090030ffddd954ee9_xl.jpg,2024-09-28T07:45:55Z,"Diddy's facing even more lawsuits as he sits in jail, and boy, the Cardi/Offset divorce has gotten ugly. So we gotta ask ...",diddys facing even lawsuits sits jail boy cardioffset divorce gotten ugly got ta ask,-0.39999999999999997
"{'id': None, 'name': 'Theregister.com'}",Tobias Mann,"It's about time Intel, AMD dropped x86 games and turned to the real threat","Have recent troubles finally humbled Chipzilla?
Opinion This week, Intel and AMD set their decades-old rivalry aside to ensure x86 remains relevant amid growing adoption of competing architectures.…",https://www.theregister.com/2024/10/22/intel_amd_x86/,https://regmedia.co.uk/2015/10/01/silicon.jpg,2024-10-22T14:30:14Z,"Opinion This week, Intel and AMD set their decades-old rivalry aside to ensure x86 remains relevant amid growing adoption of competing architectures.
The formation of the x86 advisory group, announc… [+5161 chars]",recent troubles finally humbled chipzilla opinion week intel amd set decadesold rivalry aside ensure x remains relevant amid growing adoption competing architectures,0.13333333333333333
"{'id': 'wired', 'name': 'Wired'}",Brenda Stolyar,18 Best Prime Day Laptop Deals (2024),"From MacBooks to Chromebooks to Copilot+ PCs, these are the best Prime Day laptop deals from brands we know and love. Amazon's Prime Big Deal Days end on October 9.",https://www.wired.com/story/best-prime-day-laptop-deals-october-2024-1/,"https://media.wired.com/photos/67030e284e9413875879f0e2/191:100/w_1280,c_limit/Best-Prime-Day-Laptop-Deals-102024-Custom-APD-Background-SOURCE-Amazon.jpg",2024-10-09T08:10:56Z,"if you're in the market for a laptop but want to spend money wisely, you're in luck. Amazon's Prime Day deals end today, October 9, and you'll find a number of our favorite laptops on sale. Not sure … [+10213 chars]",macbooks chromebooks copilot pcs best prime day laptop deals brands know love amazons prime big deal days end october,0.5
"{'id': None, 'name': 'Windows Central'}",kevinokemwa@outlook.com (Kevin Okemwa),NVIDIA and MediaTek might be collaborating on a 3nm AI PC CPU that could potentially blow Qualcomm's Snapdragon X Elite out of the water — and it reportedly tapes out later this month,MediaTek and NVIDIA are reportedly working together on developing a cutting-edge 3nm AI PC CPU. It's slated to enter the tape-out phase of production later this month and is expected to enter mass production late next year.,https://www.windowscentral.com/hardware/cpu-gpu-components/nvidia-and-mediatek-might-be-collaborating-on-a-3nm-ai-pc-cpu-that-could-potentially-blow-qualcomms-snapdragon-x-elite-out-of-the-water-and-it-reportedly-tapes-out-later-this-month,https://cdn.mos.cms.futurecdn.net/aW37ZYen3D6nWPe9jim32i-1200-80.jpg,2024-10-09T16:37:30Z,"What you need to know
<ul><li>Rumors indicated NVIDIA and MediaTek are working together to develop a 3nm AI PC CPU, which is slated to enter the tape-out phase of production later this month.</li><l… [+2304 chars]",mediatek nvidia reportedly working together developing cuttingedge nm ai pc cpu slated enter tapeout phase production later month expected enter mass production late next year,-0.1
"{'id': None, 'name': 'Theregister.com'}",Simon Sharwood,"You're right not to rush into running AMD, Intel's new manycore monster CPUs","They put more risk in a single box than most of us are equipped to handle
Opinion Intel recently teased a 128-core Granite Rapids Xeon 6 processor, and your humble vulture thinks you can ignore them – indeed, ignoring them might be your safest course of actio…",https://www.theregister.com/2024/10/07/risk_of_manycore_cpus/,https://regmedia.co.uk/2023/11/03/leonardo_ai_clouds_raining_data.jpg,2024-10-07T16:32:13Z,"Opinion Intel recently teased a 128-core Granite Rapids Xeon 6 processor, and your humble vulture thinks you can ignore them indeed, ignoring them might be your safest course of action.
Thats becaus… [+3647 chars]",put risk single box us equipped handle opinion intel recently teased core granite rapids xeon processor humble vulture thinks ignore indeed ignoring might safest course actio,-0.09047619047619049
"{'id': None, 'name': 'GameSpot'}",Eddie Makuch,Red Dead Redemption Coming To PC This Month With Undead Nightmare,"Confirming years of rumor and speculation, Rockstar Games has officially announced that Red Dead Redemption and its Undead Nightmare expansion are headed to PC--and soon. The game and expansion will come to PC on October 29.Double Eleven is working on Red Dea…",https://www.gamespot.com/articles/red-dead-coming-to-pc-this-month-with-undead-nightmare/1100-6526992/,https://www.gamespot.com/a/uploads/screen_kubrick/1179/11799911/4380568-screenshot2024-10-08at9.16.11am.png,2024-10-08T13:05:00Z,"Confirming years of rumor and speculation, Rockstar Games has officially announced that Red Dead Redemption and its Undead Nightmare expansion are headed to PC--and soon. The game and expansion will … [+2076 chars]",confirming years rumor speculation rockstar games officially announced red dead redemption undead nightmare expansion headed pcand soon game expansion come pc october double eleven working red dea,-0.12000000000000002
"{'id': None, 'name': 'Rock Paper Shotgun'}",James Archer,"AMD’s Ryzen 9000X3D processors, with their fancy-pants cache, are launching November 7th","‘Tis the season for new gaming CPUs. While Intel gear up to release their efficiency-focused Core Ultra 200S chips, AMD have announced a November 7th launch date for their Ryzen 9000X3D series – the latest to use their framerate-juicing 3D V-Cache. No specifi…",https://www.rockpapershotgun.com/amds-ryzen-9000x3d-processors-with-their-fancy-pants-cache-are-launching-november-7th,https://assetsio.gnwcdn.com/AMD-Ryzen-9000X3D-header.jpg?width=1200&height=630&fit=crop&enable=upscale&auto=webp,2024-10-22T10:06:09Z,"‘Tis the season for new gaming CPUs. While Intel gear up to release their efficiency-focused Core Ultra 200S chips, AMD have announced a November 7th launch date for their Ryzen 9000X3D series – the … [+2093 chars]",tis season new gaming cpus intel gear release efficiencyfocused core ultra chips amd announced november th launch date ryzen xd series latest use frameratejuicing vcache specifi,0.3181818181818182
"{'id': None, 'name': 'Windows Central'}",rebecca.spear@futurenet.com (Rebecca Spear),"A gorgeous 240Hz OLED display, AMD AI CPU, and RTX-40 GPU all work together to make an excellent gaming laptop",The ASUS Zephyrus G16 GA605 is a gaming laptop that also qualifies as a Copilot+ PC and AI PC. But is it actually good for gaming? Our review.,https://www.windowscentral.com/laptops/asus-rog-zephyrus-g16-2024-ga605-review,https://cdn.mos.cms.futurecdn.net/XpMmaMGDN6qoihd6V3RKxN-1200-80.jpg,2024-10-03T14:00:01Z,"Earlier this year, I did our ASUS ROG Zephyrus G16 (2024) GU605 review and found that this is a great gaming laptop with its Intel Core Ultra AI processor. ASUS has also released an AMD Ryzen AI 9HX … [+29031 chars]",asus zephyrus g ga gaming laptop also qualifies copilot pc ai pc actually good gaming review,0.7
"{'id': None, 'name': 'Windows Central'}",eternalrhage@gmail.com (Cole Martin),Call of Duty: Black Ops 6 PC system requirements — is your setup ready?,"Call of Duty: Black Ops 6 is incoming, but you may want to check your PC's specs to make sure you're ready to drop in on launch day.",https://www.windowscentral.com/gaming/pc-gaming/call-of-duty-black-ops-6-pc-system-requirements-is-your-setup-ready,https://cdn.mos.cms.futurecdn.net/TSPRGNvPFrVNefUh3u55KV-1200-80.jpg,2024-10-17T08:38:27Z,"Call of Duty: Black Ops 6 is so close you can taste it, but can your PC actually run this year's hotly anticipated blockbuster first-person shooter from Treyarch Studios and Raven Software? What abou… [+6641 chars]",call duty black ops incoming may want check pcs specs make sure youre ready drop launch day,0.1777777777777778
"{'id': None, 'name': 'Windows Central'}",zacharylboddy@outlook.com (Zachary Boddy),"Don't wait for Prime Day, you can score a great AMD-powered Windows laptop for just $330 right now","The Lenovo IdeaPad 1 (15.6-inch) is enjoying a healthy discount ahead of Amazon Prime Day, making it easy to get a solid Windows laptop for next to nothing.",https://www.windowscentral.com/hardware/lenovo/dont-wait-for-prime-day-you-can-score-a-great-amd-powered-windows-laptop-for-just-dollar330-right-now,https://cdn.mos.cms.futurecdn.net/zcGuL5zB2QiH9atQZ2dui5-1200-80.jpg,2024-10-01T01:28:12Z,"We're only days away from the next Amazon Prime Day (or Big Deal Days, whatever Amazon is calling it this time), but that doesn't mean you have to wait for the best deals. They're already coming in h… [+5679 chars]",lenovo ideapad inch enjoying healthy discount ahead amazon prime day making easy get solid windows laptop next nothing,0.2866666666666667
"{'id': None, 'name': 'GameSpot'}",Grace Benfell,"Silent Hill 2 Patch Improves Steam Deck Performance, Fixes PS5 Crashes","Silent Hill 2 has gotten its first big post-launch update. It includes technical improvements and bug fixes across PC and PS5.On PS5, the patch fixes a set of ""rare"" crashes, including in streaming and AI modes. It also repairs an issue with switching in-game…",https://www.gamespot.com/articles/silent-hill-2-patch-improves-steam-deck-performance-fixes-ps5-crashes/1100-6527293/,https://www.gamespot.com/a/uploads/screen_kubrick/1690/16904437/4388007-sh2%281%29.jpg,2024-10-21T16:03:00Z,"Silent Hill 2 has gotten its first big post-launch update. It includes technical improvements and bug fixes across PC and PS5.
On PS5, the patch fixes a set of ""rare"" crashes, including in streaming… [+7882 chars]",silent hill gotten first big postlaunch update includes technical improvements bug fixes across pc pson ps patch fixes set rare crashes including streaming ai modes also repairs issue switching ingame,0.11000000000000001
"{'id': None, 'name': 'Windows Central'}",zacharylboddy@outlook.com (Zachary Boddy),"4K OLED, AMD and NVIDIA AI power, with unique creative features make this ASUS laptop very special","The ASUS ProArt P16 takes everything great about its Zephyrus G16 and refines it for creators. It has a beautiful design, a ton of power, and a lovely 4K display.",https://www.windowscentral.com/hardware/laptops/asus/asus-proart-p16-2024-review,https://cdn.mos.cms.futurecdn.net/ytK4V6vfRDb2Ut99ofHtEJ-1200-80.jpg,2024-10-06T16:00:00Z,"There happens to be a lot of overlap between laptops designed for gamers and those aimed at creators. Both groups often need great displays and plenty of performance, so it's no wonder that many comp… [+31312 chars]",asus proart p takes everything great zephyrus g refines creators beautiful design ton power lovely k display,0.7166666666666667
"{'id': None, 'name': 'Windows Central'}",sean.endicott@futurenet.com (Sean Endicott),"The death of x86 may be ""severely exaggerated,"" but these native Arm apps are here to threaten Intel and AMD","NordVPN, Arc browser, Foxit PDF Editor, and Notion all shipped native Arm applications over the past month.",https://www.windowscentral.com/software-apps/windows-11/the-death-of-x86-may-be-severely-exaggerated-but-these-native-arm-apps-are-here-to-threaten-intel-and-amd,https://cdn.mos.cms.futurecdn.net/WPqKbgswtAzCebnUnqiPDN-1200-80.jpg,2024-10-17T12:53:45Z,"What you need to know
<ul><li>Several popular apps were optimized for Windows on Arm recently.</li><li>NordVPN, Arc browser, Foxit PDF Editor, and Notion now all run natively on Windows on Arm devic… [+4046 chars]",nordvpn arc browser foxit pdf editor notion shipped native arm applications past month,-0.25
"{'id': None, 'name': 'Windows Central'}",c.cale.hunt@gmail.com (Cale Hunt),HP’s versatile AI PC hits a new sub-$500 low just days ahead of October Prime Day,"HP's Envy x360 16 is an impressive laptop that I always recommend to anyone shopping for a budget PC, and Best Buy has made the decision even easier by dropping its price below $500.",https://www.windowscentral.com/hardware/laptops/hp-envy-x360-16-deal,https://cdn.mos.cms.futurecdn.net/3X2uRVpTrqUjT288jtGfgU-1200-80.jpg,2024-10-03T14:39:44Z,"Amazon's October Prime Day and Black Friday might be just around the bend, but Best Buy has jumped ahead of any major laptop deals with this $480 HP Envy x360 16. 
Will this AI PC get any cheaper ne… [+4072 chars]",hps envy x impressive laptop always recommend anyone shopping budget pc best buy made decision even easier dropping price,1.0
"{'id': None, 'name': 'Techmeme.com'}",,"AMD unveils Zen 5-based X3D desktop CPUs, arriving November 7, but offers few details and no price, ahead of Intel's Core Ultra 200-series launch on October 24 (Tom Warren/The Verge)","Tom Warren / The Verge:
AMD unveils Zen 5-based X3D desktop CPUs, arriving November 7, but offers few details and no price, ahead of Intel's Core Ultra 200-series launch on October 24  —  AMD is officially announcing its first next-generation X3D desktop proc…",https://www.techmeme.com/241021/p14,https://cdn.vox-cdn.com/thumbor/_HVGWRJL70sn5zYa9gQw4lRr0rs=/0x0:2613x1465/1200x628/filters:focal(1307x733:1308x734)/cdn.vox-cdn.com/uploads/chorus_asset/file/25686515/ryzenx3d9000series.png,2024-10-21T14:10:02Z,"About This Page
This is a Techmeme archive page.
It shows how the site appeared at 10:10 AM ET, October 21, 2024.
The most current version of the site as always is available at our home page.
To … [+182 chars]",tom warren verge amd unveils zen based xd desktop cpus arriving november offers details price ahead intels core ultra series launch october amd officially announcing first nextgeneration xd desktop proc,0.175
"{'id': None, 'name': 'XDA Developers'}",Ayush Pande,AMD Radeon RX 8000 series: All of the rumors so far,"With Team Red reportedly planning to exit the high-end GPU market, the upcoming RX 8000 cards sound pretty tempting for mid-range gamers",https://www.xda-developers.com/amd-radeon-rx-8000-rumors/,https://static1.xdaimages.com/wordpress/wp-content/uploads/wm/2024/02/powercolor-hellhound-radeon-rx-7900-gre-gpu-radeon-branding.jpg,2024-10-17T18:00:14Z,"Despite the next generation of graphics cards drawing near, we havent received formal announcements from the trio of GPU manufacturers. Like Intel and Nvidia, AMD, too, has kept its cards close to it… [+6349 chars]",team red reportedly planning exit highend gpu market upcoming rx cards sound pretty tempting midrange gamers,0.21666666666666667
"{'id': None, 'name': 'XDA Developers'}",Joe Rice-Jones,This early Prime Big Deal Days deal gets you a powerful AMD Ryzen CPU for its lowest price ever,Save $350 off the powerful Ryzen 9 5900X CPU during Prime Big Deal Days,https://www.xda-developers.com/ryzen-5900x-prime-big-deal-days-2024/,https://static1.xdaimages.com/wordpress/wp-content/uploads/2024/10/ryzen-5900x-pbbd-2024.jpg,2024-10-08T01:45:13Z,"AMD Ryzen 9 5900X 
The Ryzen 9 5900X is a fantastic CPU with 12 cores, 24 threads, and up to 4.8GHz boost speeds, and support for overclocking to get a little more out of it.
The AMD Ryzen 9 5900X … [+2000 chars]",save powerful ryzen x cpu prime big deal days,0.15
"{'id': None, 'name': 'Windows Central'}",Alexander Cope,Can't find an early Amazon Prime Day discount for one of ASUS' best gaming handhelds? Then this 'Open Box' Anti-Prime Day deal from Best Buy has you covered,"The ASUS ROG Ally X, one of the most sought-after premium gaming handheld consoles, is currently being sold for a 10% discount at Best Buy, just a day before Amazon Prime Day starts.",https://www.windowscentral.com/gaming/cant-find-an-early-amazon-prime-day-discount-for-one-of-asus-best-gaming-handhelds-then-this-open-box-anti-prime-day-deal-from-best-buy-has-you-covered,https://cdn.mos.cms.futurecdn.net/xRwVU8nWF3pg8GCtnhpawc-1200-80.jpg,2024-10-07T17:51:53Z,"In this modern age of portable and cloud-based gaming, many tech manufacturing companies are working overtime to create high-tech gaming handhelds so players can take their favorite PC and cloud-base… [+6569 chars]",asus rog ally x one soughtafter premium gaming handheld consoles currently sold discount best buy day amazon prime day starts,0.5
"{'id': None, 'name': 'XDA Developers'}",Timi Cantisano,Take 40% off this HP Victus gaming laptop as it falls to its lowest price,This affordable gaming laptop is now even cheaper. So get it while you still can.,https://www.xda-developers.com/hp-victus-gaming-laptop-480-deal/,https://static1.xdaimages.com/wordpress/wp-content/uploads/2024/09/169-17.png,2024-10-01T01:32:58Z,"HP Victus 15 
The HP Victus 15 is an affordable gaming laptop that can also double as a solid option for creators.
There are plenty of great gaming laptops, but pricing on some models can be quite … [+1554 chars]",affordable gaming laptop even cheaper get still,0.0
"{'id': None, 'name': 'Phoronix'}",,"Linux 6.12 Features Super Real-Time, Sched_ext, Intel Xe2 and Pi 5",The Linux 6.12 merge window is  wrapping up today with the release of Linux 6.12-rc1 in the coming hours.,https://www.phoronix.com/review/linux-612-features#google_vignette,https://www.phoronix.net/image.php?id=2024&image=linux_612,2024-09-29T19:33:42Z,The Linux 6.12 merge window is wrapping up today with the release of Linux 6.12-rc1 in the coming hours. This is going to be a heck of an exciting kernel. There's real-time PREEMPT_RT finally in main… [+3673 chars],linux merge window wrapping today release linux rc coming hours,0.0
"{'id': None, 'name': 'Theregister.com'}",Tobias Mann,Hands up who hasn't made an offer to buy some part of Intel,"Now Arm reportedly approached, rebuffed by Chipzilla. Who's next? MOS Technology?
Comment Brit chip designer Arm is reportedly the latest to make an attempted play for Intel's product division.…",https://www.theregister.com/2024/09/27/arm_intel_takeover/,https://regmedia.co.uk/2022/03/25/shutterstock_arm.jpg,2024-09-27T20:44:14Z,"Comment Brit chip designer Arm is reportedly the latest to make an attempted play for Intel's product division.
Or, at least that's what unnamed sources have told Bloomberg, which claims that Arm's … [+3696 chars]",arm reportedly approached rebuffed chipzilla whos next mos technology comment brit chip designer arm reportedly latest make attempted play intels product division,0.25
"{'id': None, 'name': 'Windows Central'}",zacharylboddy@outlook.com (Zachary Boddy),"HP sent me its ""next-gen"" enterprise flagship months before release, and I think I finally understand the AI PC craze","I got my hands on the HP EliteBook X months before its planned release, and there's a lot here that excites me about the future of Windows laptops.",https://www.windowscentral.com/hardware/laptops/hp/hp-elitebook-x-g1a-hands-on,https://cdn.mos.cms.futurecdn.net/U5UqF6iZntwAmK8u6iY77D-1200-80.jpg,2024-10-10T18:00:00Z,"I'm preparing to finish my review of the HP OmniBook Ultra 14 (2024), but I have to admit that it's not the most exciting laptop I've tested. You'll have to wait a little longer for that full review,… [+14691 chars]",got hands hp elitebook x months planned release theres lot excites future windows laptops,0.0
